[
  {
    "id": 1,
    "category": "CORPORATE & FINANCIAL AUDITS",
    "service": "General Financial Statement Audit",
    "subsections": [
      "Financial Controls",
      "Internal Control Walkthroughs",
      "Journal Entry Sampling",
      "Segregation of Duties Testing",
      "Materiality Threshold Analysis",
      "Accounting Accuracy",
      "Balance Sheet Reconciliation",
      "Expense vs. Revenue Matching",
      "Asset Valuation Consistency",
      "Audit Trail Cross-Verification",
      "Fraud & Risk",
      "Whistleblower Hotline Testing",
      "Duplicate Payment Detection",
      "Conflict-of-Interest Matrix",
      "Fraud Triangle Behavior Mapping",
      "Compliance",
      "SOX 302/404 Mapping",
      "IFRS & GAAP Variance Analysis",
      "Statutory Audit Validation",
      "Treasury & FX Control Testing"
    ]
  },
  {
    "id": 2,
    "category": "AGRICULTURE & USDA / NASS COMPLIANCE",
    "service": "USDA AMS Price Audit (W1–W26)",
    "subsections": [
      "Crop Production Audits",
      "Planting & Harvest Cycle Traceability",
      "Fertilizer & Nutrient Efficiency Validation",
      "Organic Certification Maintenance Logs",
      "Price & Market Verification",
      "USDA AMS Market Price Cross-Check",
      "NASS Weekly W1–W26 Historical Graph Audit",
      "Commodity Price 5-Year Averages Visualization",
      "Water & Pesticide Regulation",
      "Irrigation Water Sampling & Lab Testing",
      "Pesticide Residue Benchmarking",
      "Greywater Reuse Compliance",
      "Packaging & Labeling",
      "Country-of-Origin Verification",
      "PTI Label Code Scanning Audit",
      "Cold Chain Compliance Validation",
      "Cross-Border Trade",
      "Import/Export Produce Factoring Review",
      "Phytosanitary Certification Monitoring",
      "NAFTA/USMCA Documentation Compliance"
    ]
  },
  {
    "id": 3,
    "category": "WATER, ENVIRONMENTAL & SOIL ANALYTICS",
    "service": "Water Quality Analysis (Chlorine, pH, Nitrates)",
    "subsections": [
      "Water Quality",
      "pH, Chlorine, TDS, Nitrate Testing",
      "Heavy Metal & Pathogen Screening",
      "Boiler & Cooling Tower Efficiency",
      "Industrial Water Systems",
      "Wastewater Treatment Log Validation",
      "Scale Build-Up Prevention Review",
      "Food Plant Disinfection Analysis",
      "Soil Health",
      "Nutrient Density Mapping",
      "Pesticide Residue Trend Analysis",
      "Erosion & Runoff Impact Metrics",
      "Environmental Reporting",
      "EPA Submission Automation",
      "Carbon Sequestration Tracking",
      "Water Use Efficiency Ratios"
    ]
  },
  {
    "id": 4,
    "category": "REAL ESTATE, MORTGAGE & ESCROW COMPLIANCE",
    "service": "Mortgage Loan File Audit",
    "subsections": [
      "Lending File Integrity",
      "Borrower Documentation Completeness",
      "Appraisal & Valuation Validation",
      "Loan Repurchase Risk Audit",
      "Disclosure & Regulation",
      "RESPA/TILA/HOEPA Mapping",
      "Fair Lending (ECOA) Testing",
      "HUD/FHA/VA Review",
      "Escrow Management",
      "Trust Fund Reconciliation",
      "Title Defect Detection",
      "Disbursement Verification",
      "Cross-Border Real Estate",
      "Mexico-to-U.S. Transfer Compliance",
      "Currency Conversion & Tax Reporting",
      "Title & Deed Cross-Verification",
      "Servicing & Secondary Market",
      "Delinquency Forecasting",
      "Loan Transfer File Validation",
      "e-Doc & Signature Chain Audit"
    ]
  },
  {
    "id": 5,
    "category": "LEGAL, CPA & REGULATORY FRAMEWORKS",
    "service": "CPA Workpaper Standardization Audit",
    "subsections": [
      "CPA & Financial Regulation",
      "Workpaper Index Standardization",
      "Peer Review Preparedness",
      "Independence & Conflict Tracking",
      "Legal Risk & Ethics",
      "Attorney Trust Account (IOLTA) Reconciliation",
      "Client Confidentiality Controls",
      "Law Firm Compliance Dashboard",
      "Data Privacy & Retention",
      "GDPR / CCPA / PDPA Mapping",
      "Record Retention Lifecycle Automation",
      "eDiscovery Policy Alignment",
      "Corporate Law Compliance",
      "Licensing Verification",
      "Sanctions & Export Control Screening",
      "Board Governance Review",
      "International & Cross-Border",
      "FCPA / Anti-Bribery Testing",
      "Whistleblower Channel Validation",
      "Treaty & Filing Consistency"
    ]
  },
  {
    "id": 6,
    "category": "TECHNOLOGY, CYBER & DATA SECURITY",
    "service": "Cybersecurity Risk Assessment",
    "subsections": [
      "Security Frameworks",
      "SOC 2 Type I/II Gap Analysis",
      "ISO 27001 Annex A Controls Mapping",
      "NIST 800-53 Policy Validation",
      "Infrastructure",
      "Server & Network Pen-Test Reports",
      "Cloud (AWS/Azure/GCP) Configuration Audit",
      "Firewall / IDS / IPS Rule Review",
      "Applications & APIs",
      "Endpoint Vulnerability Scans",
      "Secure API (AuditDNA MiniAPI) Test Harness",
      "Encryption Key Rotation Checks",
      "Incident Management",
      "Breach Simulation (Red/Blue Team)",
      "Backup & Recovery Drills",
      "DRP & BCP Maturity Scoring",
      "Governance",
      "Data Residency Map",
      "Vendor SaaS Risk Evaluation",
      "AI Model Bias / Drift Testing"
    ]
  },
  {
    "id": 7,
    "category": "ECO-HOUSING & GREEN COMPLIANCE",
    "service": "LEED Certification Audit",
    "subsections": [
      "Sustainability Certification",
      "LEED / ENERGY STAR Verification",
      "ASHRAE Benchmarking",
      "Carbon Credit Registry Validation",
      "Energy Systems",
      "Solar Panel Output Audit",
      "HVAC Efficiency Review",
      "Smart Meter Calibration",
      "Building Materials",
      "Low-VOC & Sustainable Material Verification",
      "Recycled Material Tracking",
      "Insulation R-Value Testing",
      "Water & Waste",
      "Rainwater Collection & Usage Validation",
      "Greywater System Compliance",
      "Waste Diversion & Recycling Metrics",
      "Eco-Incentives",
      "Green Loan & Tax Credit Audit",
      "ESG Impact Reporting",
      "Renewable Investment Verification"
    ]
  },
  {
    "id": 8,
    "category": "HUMAN CAPITAL, PAYROLL & ETHICS COMPLIANCE",
    "service": "Payroll Tax Withholding Audit",
    "subsections": [
      "Payroll & HR Data",
      "W-2 / 1099 Classification Audit",
      "Payroll Accuracy Verification",
      "Remote Workforce Policy Compliance",
      "Employee Relations",
      "DEI Reporting & Metrics Validation",
      "Sexual Harassment Policy Testing",
      "Whistleblower Policy Compliance",
      "Legal & Safety",
      "OSHA Workplace Audit",
      "Immigration / I-9 Review",
      "Benefits Plan Compliance",
      "Training & Ethics",
      "Code of Conduct Alignment",
      "Conflict-of-Interest Declarations",
      "Continuous Ethics Training Logs"
    ]
  },
  {
    "id": 9,
    "category": "INSURANCE, HEALTH & RISK COMPLIANCE",
    "service": "Claims Process Audit",
    "subsections": [
      "Claims Management",
      "Fraud & Duplicate Claim Detection",
      "Adjuster Licensing Validation",
      "Data Accuracy Sampling",
      "Underwriting & Policy",
      "Risk Model Reconciliation",
      "Premium Accuracy Verification",
      "Product Disclosure Review",
      "Health Compliance",
      "HIPAA Security Assessment",
      "Provider Credential Verification",
      "Medicare / Medi-Cal File Review",
      "Risk & Actuarial",
      "Reinsurance Treaty Validation",
      "Catastrophic Risk Stress Test",
      "ESG-Linked Policy Compliance",
      "Cyber-Insurance",
      "Policy Trigger Scenarios",
      "Incident Response Alignment",
      "Insurer Data Protection Audit"
    ]
  }
]