{
  "Papaya": {
    "unit": "$/lb",
    "years": {
      "2020": [
        1.2, 1.2, 1.2, 1.1, 1.1, 1.1, 1.0, 1.0, 1.1, 1.1, 1.1, 1.2, 1.2, 1.3,
        1.3, 1.3, 1.2, 1.2, 1.2, 1.1, 1.1, 1.1, 1.1, 1.2, 1.2, 1.2, 1.2, 1.2,
        1.3, 1.3, 1.2, 1.2, 1.1, 1.1, 1.1, 1.2, 1.2, 1.2, 1.3, 1.3, 1.3, 1.2,
        1.2, 1.1, 1.1, 1.1, 1.0, 1.0, 1.1, 1.1, 1.2, 1.2
      ],
      "2021": [
        1.1, 1.1, 1.1, 1.1, 1.0, 1.0, 1.0, 1.0, 1.1, 1.1, 1.2, 1.2, 1.3, 1.3,
        1.3, 1.3, 1.2, 1.2, 1.2, 1.1, 1.1, 1.0, 1.0, 1.0, 1.1, 1.1, 1.1, 1.1,
        1.2, 1.2, 1.3, 1.3, 1.3, 1.2, 1.2, 1.2, 1.1, 1.1, 1.1, 1.0, 1.0, 1.0,
        1.1, 1.1, 1.2, 1.2, 1.2, 1.2, 1.1, 1.1, 1.1, 1.1
      ],
      "2022": [
        1.3, 1.3, 1.2, 1.2, 1.2, 1.1, 1.1, 1.1, 1.2, 1.2, 1.2, 1.3, 1.4, 1.4,
        1.4, 1.4, 1.3, 1.3, 1.3, 1.2, 1.2, 1.1, 1.1, 1.1, 1.2, 1.2, 1.2, 1.2,
        1.3, 1.3, 1.3, 1.3, 1.2, 1.2, 1.2, 1.2, 1.3, 1.3, 1.3, 1.2, 1.2, 1.2,
        1.2, 1.1, 1.1, 1.1, 1.2, 1.2, 1.2, 1.2, 1.3, 1.3
      ],
      "2023": [
        1.2, 1.2, 1.2, 1.1, 1.1, 1.1, 1.0, 1.0, 1.1, 1.1, 1.2, 1.2, 1.2, 1.3,
        1.3, 1.3, 1.2, 1.2, 1.2, 1.2, 1.1, 1.1, 1.1, 1.1, 1.2, 1.2, 1.2, 1.2,
        1.3, 1.3, 1.2, 1.2, 1.1, 1.1, 1.1, 1.2, 1.2, 1.2, 1.2, 1.2, 1.3, 1.3,
        1.3, 1.2, 1.2, 1.1, 1.1, 1.1, 1.2, 1.2, 1.2, 1.2
      ],
      "2024": [
        1.3, 1.3, 1.3, 1.2, 1.2, 1.2, 1.1, 1.1, 1.2, 1.2, 1.2, 1.3, 1.3, 1.4,
        1.4, 1.4, 1.3, 1.3, 1.3, 1.2, 1.2, 1.2, 1.2, 1.2, 1.3, 1.3, 1.3, 1.3,
        1.4, 1.4, 1.4, 1.3, 1.3, 1.2, 1.2, 1.2, 1.2, 1.2, 1.3, 1.3, 1.3, 1.2,
        1.2, 1.2, 1.1, 1.1, 1.1, 1.1, 1.2, 1.2, 1.2, 1.2
      ]
    }
  },
  "Oranges (Navel)": {
    "unit": "$/lb",
    "years": {
      "2020": [
        1.4, 1.4, 1.4, 1.3, 1.3, 1.3, 1.2, 1.2, 1.3, 1.3, 1.4, 1.4, 1.5, 1.5,
        1.5, 1.5, 1.4, 1.4, 1.4, 1.3, 1.3, 1.3, 1.3, 1.3, 1.4, 1.4, 1.4, 1.4,
        1.5, 1.5, 1.5, 1.4, 1.4, 1.3, 1.3, 1.3, 1.3, 1.3, 1.4, 1.4, 1.4, 1.4,
        1.4, 1.3, 1.3, 1.3, 1.3, 1.3, 1.4, 1.4, 1.4, 1.4
      ],
      "2021": [
        1.3, 1.3, 1.3, 1.3, 1.2, 1.2, 1.2, 1.2, 1.3, 1.3, 1.4, 1.4, 1.5, 1.5,
        1.5, 1.5, 1.4, 1.4, 1.4, 1.3, 1.3, 1.2, 1.2, 1.2, 1.3, 1.3, 1.3, 1.3,
        1.4, 1.4, 1.5, 1.5, 1.5, 1.4, 1.4, 1.4, 1.3, 1.3, 1.3, 1.3, 1.4, 1.4,
        1.4, 1.3, 1.3, 1.3, 1.3, 1.3, 1.4, 1.4, 1.4, 1.4
      ],
      "2022": [
        1.6, 1.6, 1.5, 1.5, 1.5, 1.4, 1.4, 1.4, 1.5, 1.5, 1.5, 1.6, 1.7, 1.7,
        1.7, 1.7, 1.6, 1.6, 1.6, 1.5, 1.5, 1.4, 1.4, 1.4, 1.5, 1.5, 1.5, 1.5,
        1.6, 1.6, 1.6, 1.6, 1.5, 1.5, 1.5, 1.5, 1.6, 1.6, 1.6, 1.5, 1.5, 1.5,
        1.5, 1.4, 1.4, 1.4, 1.4, 1.4, 1.5, 1.5, 1.5, 1.5
      ],
      "2023": [
        1.5, 1.5, 1.5, 1.4, 1.4, 1.4, 1.3, 1.3, 1.4, 1.4, 1.5, 1.5, 1.5, 1.6,
        1.6, 1.6, 1.5, 1.5, 1.5, 1.5, 1.4, 1.4, 1.4, 1.4, 1.5, 1.5, 1.5, 1.5,
        1.6, 1.6, 1.5, 1.5, 1.4, 1.4, 1.4, 1.5, 1.5, 1.5, 1.5, 1.5, 1.6, 1.6,
        1.6, 1.5, 1.5, 1.4, 1.4, 1.4, 1.5, 1.5, 1.5, 1.5
      ],
      "2024": [
        1.7, 1.7, 1.7, 1.6, 1.6, 1.6, 1.5, 1.5, 1.6, 1.6, 1.6, 1.7, 1.8, 1.8,
        1.8, 1.8, 1.7, 1.7, 1.7, 1.6, 1.6, 1.6, 1.6, 1.6, 1.7, 1.7, 1.7, 1.7,
        1.8, 1.8, 1.8, 1.7, 1.7, 1.6, 1.6, 1.6, 1.6, 1.6, 1.7, 1.7, 1.7, 1.6,
        1.6, 1.6, 1.5, 1.5, 1.5, 1.5, 1.6, 1.6, 1.6, 1.6
      ]
    }
  }
}
