{
  "Mortgage & Real Estate": [
    "Mortgage Loan Audit",
    "TRID Compliance Review",
    "Escrow Fee Reconciliation",
    "Title/Lien Report Intake",
    "Appraisal Independence Review",
    "Property Tax Overpayment Review",
    "HELOC/Second Mortgage Audit",
    "REIT Investment Dashboard",
    "Reverse Mortgage Analysis",
    "International Lending Compliance",
    "Green Housing Incentives",
    "Construction Lending Review",
    "Foreclosure Tracker",
    "Energy Efficiency Financing",
    "Land Title Audit",
    "Zoning Law Audit",
    "HOA Compliance Tracker",
    "Leasehold Verification",
    "Tenant Screening Compliance",
    "NMLSR Licensing Validation",
    "DSCR Investor Analysis",
    "Servicing Transfer Error Review",
    "Forced-Placed Insurance Refunds",
    "Cross-Border Leasehold Financing",
    "FHA/VA Loan File Review",
    "ARM/Rate Change Accuracy Check",
    "Loan Factoring",
    "Loan Estimate/CD Review",
    "Property Insurance Integration",
    "Escrow & Compliance Checks",
    "Lender Matching Engine"
  ],
  "Agriculture & Food Systems": [
    "USDA Pricing Engine (W1â€“W26)",
    "Produce Search Engine",
    "Ag Factoring (Mexicoâ€“US)",
    "USDA Pricing Engine (W1Ã¢â‚¬â€œW26)",
    "Produce Search Engine",
    "Ag Factoring (MexicoÃ¢â‚¬â€œUS)",
    "GlobalGAP Certification Uploads",
    "Water Quality Lab Uploads",
    "Soil Analysis Reports",
    "Organic Certification Tracker",
    "Pesticide Compliance",
    "AgriTrade Connect (Mexico to US buyers)",
    "Commodity Futures Dashboard",
    "Crop Insurance",
    "Farm Equipment Leasing",
    "Ag Carbon Credits",
    "Cold Chain Logistics Tracker",
    "Growerâ€“Buyer Contracts",
    "GrowerÃ¢â‚¬â€œBuyer Contracts",
    "Sustainability Scorecards",
    "Export Licensing (Ag)",
    "Food Safety Audits",
    "Climate Impact Reports",
    "Yield Prediction Models",
    "Hydroponics Audit",
    "Produce Traceability Review",
    "Farm Subsidy Audit",
    "Ag Water Use Efficiency",
    "Irrigation System Compliance",
    "Import/Export Docs",
    "Organic Certification Review",
    "Farm Credit Compliance",
    "Produce Safety Rule Audit",
    "Agricultural Loan Review"
  ],
  "Legal & Compliance": [
    "Contracts & Templates",
    "E-Signature (DocuSign)",
    "IP Audit",
    "GDPR Compliance Assessment",
    "Privacy Compliance (GDPR, CCPA, GLBA, PDPA, PIPEDA)",
    "Global Ethics Dashboard",
    "Employment Law Tracker",
    "NDA Generator",
    "Corporate Governance Briefing",
    "Tax Compliance (IRS/State)",
    "Whistleblower Reporting",
    "SOX Compliance",
    "AML/KYC Verification",
    "FCPA Audit",
    "Cross-Border Contract Audit",
    "Data Retention Policies",
    "Cybersecurity Laws",
    "HR Compliance",
    "Insurance Law Audit",
    "Litigation Tracker",
    "Patent Verification",
    "BSA Compliance Audit",
    "OFAC Sanctions Screening",
    "SOC 2 Compliance",
    "Contract Review",
    "Pre-Arbitration File"
  ],
  "Finance & Factoring": [
    "Accounts Receivable Factoring",
    "Trade Finance Engine",
    "Credit Risk Analysis",
    "Currency Exchange Dashboard",
    "Invoice Audit",
    "Treasury Management",
    "Payroll Compliance",
    "401k & Retirement Tracker",
    "Crypto/Tokenized Assets Audit",
    "Bank Licensing Audit",
    "Securities Compliance",
    "Cross-Border Payments",
    "FinTech Licensing",
    "Loan Servicing Audit",
    "Microfinance Verification",
    "Financial Statement Audits",
    "Fraud Detection",
    "AML Transaction Monitor",
    "Credit Bureau Integrations",
    "Blockchain Compliance",
    "Invoice Factoring Eligibility",
    "AR Aging & Risk Flags",
    "UCC Filing Monitor",
    "FX & Remittance Ledger",
    "Export Credit Insurance Prep"
  ],
  "Healthcare & Insurance": [
    "Medical Compliance (HIPAA)",
    "Insurance Policy Tracker",
    "Claims Audit Engine",
    "Provider Licensing",
    "Pharma Supply Chain Audit",
    "Wellness Incentives",
    "Telehealth Compliance",
    "FDA Audit",
    "Medicare/Medicaid Compliance",
    "Insurance Fraud Detection",
    "Patient Consent Verification",
    "Hospital Accreditation Audit",
    "Clinical Trial Compliance",
    "Drug Pricing Transparency",
    "Insurance Licensing",
    "Healthcare Cybersecurity",
    "Electronic Health Record Audit",
    "Billing Compliance",
    "Worker Comp Audit",
    "Cross-Border Insurance Compliance",
    "Premium Audit",
    "Claim Denial Review"
  ],
  "Eco & Sustainability": [
    "Carbon Footprint Calculator",
    "Green Building Certifications",
    "LEED Compliance Tracker",
    "Renewable Energy Incentives",
    "Water Tech Marketplace",
    "Waste Management Audit",
    "Circular Economy Module",
    "Biodiversity Credits",
    "ESG Score Dashboard",
    "Solar Subsidy Verification",
    "Carbon Trading Compliance",
    "Recycling Audits",
    "Plastic Reduction Compliance",
    "Ocean Impact Reporting",
    "Sustainable Sourcing",
    "Forest Management Compliance",
    "Climate Reporting Audit",
    "Energy Grid Compliance",
    "Sustainability Bonds Verification",
    "Eco Labeling Compliance",
    "CO2 Emissions Tracking",
    "Energy Efficiency Checklist"
  ],
  "Education & Workforce": [
    "Student Report Card Upload",
    "Attendance & Progress Tracker",
    "Teacher Audit Dashboard",
    "Workforce Training Compliance",
    "OSHA Certifications",
    "Continuing Education Credits",
    "Professional Licensing Renewal",
    "Internship & Apprenticeship Tracker",
    "Curriculum Compliance",
    "Grant Auditing",
    "FERPA Compliance",
    "Accreditation Audit",
    "University Financial Aid Verification",
    "Scholarship Compliance",
    "Credential Verification",
    "Exam Proctoring Audit",
    "Academic Misconduct Tracker",
    "Special Education Compliance",
    "Faculty Contract Verification",
    "Union Labor Compliance",
    "Training Enrollment",
    "Course Completions",
    "Certification Vault",
    "Safety/OSHA Briefings"
  ],
  "Global Trade & Logistics": [
    "Tariff Tracker",
    "Customs Compliance",
    "Import/Export Licensing",
    "Bill of Lading Upload",
    "Port Authority Audit",
    "Logistics Insurance",
    "Freight Forwarder Directory",
    "Trade Zone Compliance",
    "NAFTA/USMCA Audit",
    "Supply Chain Security",
    "Shipping Emissions Tracker",
    "Maritime Law Compliance",
    "Air Cargo Compliance",
    "Truck Safety Audits",
    "Warehouse Certification",
    "Bonded Warehouse Audit",
    "Hazmat Compliance",
    "Cross-Border VAT Audit",
    "Incoterms Verification",
    "International Sanctions Compliance"
  ],
  "Technology & Data": [
    "Cybersecurity Compliance",
    "Data Breach Response",
    "AI Audit",
    "Cloud Vendor Compliance",
    "Open Banking API Tracker",
    "IoT Sensor Integration (Ag/Water/Energy)",
    "Blockchain Audit",
    "IT Licensing Compliance",
    "Software Supply Chain Audit",
    "SOC 2 Compliance",
    "PCI DSS Compliance",
    "ISO Certification Tracker",
    "Bug Bounty Audit",
    "Data Residency Compliance",
    "Digital Identity Verification",
    "Smart Contract Verification",
    "Penetration Test Tracker",
    "Encryption Standards Compliance",
    "Network Infrastructure Audit",
    "Disaster Recovery Verification",
    "Endpoint Vulnerability Scans",
    "Secure API Test Harness",
    "Encryption Key Rotation Checks"
  ],
  "Consumer & Retail": [
    "Product Recall Tracker",
    "Consumer Finance Compliance",
    "Retail Audit",
    "Supply Chain Transparency",
    "E-Commerce Compliance",
    "Advertising Standards Audit",
    "Food Labeling Verification",
    "Child Safety Compliance",
    "Consumer Warranty Audit",
    "Fair Trade Certification",
    "CSR Reporting",
    "ISO Retail Standards",
    "Retail Lease Compliance",
    "Point-of-Sale Security",
    "Merchandise Import Compliance",
    "Franchise Agreement Verification",
    "Online Privacy Compliance",
    "Retail Safety Audit",
    "Return Policy Compliance",
    "Consumer Complaint Tracker"
  ],
  "Human Capital & Payroll": [
    "Payroll & HR Data",
    "W-2 / 1099 Classification Audit",
    "Payroll Accuracy Verification",
    "Remote Workforce Policy Compliance",
    "DEI Reporting & Metrics Validation",
    "Sexual Harassment Policy Testing",
    "Whistleblower Policy Compliance",
    "OSHA Workplace Audit",
    "Immigration / I-9 Review",
    "Benefits Plan Compliance",
    "Code of Conduct Alignment",
    "Conflict-of-Interest Declarations",
    "Continuous Ethics Training Logs",
    "Executive Compensation Audit",
    "Worker Misclassification Detection",
    "Union Labor Compliance",
    "Professional Licensing Renewal"
  ]
}