[
  {
    "id": "lender_empire_national",
    "name": "Empire National Bank",
    "logo": "/images/lenders/empire_national_bank.png",
    "website": "https://www.empirenationalbank.com",
    "contact": {
      "phone": "+1-800-555-0198",
      "email": "info@empirenationalbank.com",
      "address": "123 Main St, New York, NY, 10001, USA"
    },
    "description": "A leading national lender specializing in residential, commercial, agricultural, and green energy financing.",
    "markets": ["USA", "Mexico"],
    "programs": [
      {
        "type": "Conventional",
        "minAmount": 50000,
        "maxAmount": 2000000,
        "interestRateRange": [6.5, 8.25],
        "minFICO": 620,
        "maxLTV": 80,
        "durationYears": [15, 30],
        "features": [
          "Fixed Rate",
          "ARM",
          "Cash-out",
          "Purchase",
          "Refinance"
        ],
        "compliance": ["TRID", "RESPA", "ECOA", "Fannie Mae"]
      },
      {
        "type": "FHA",
        "minAmount": 75000,
        "maxAmount": 970800,
        "interestRateRange": [6.25, 7.5],
        "minFICO": 580,
        "maxLTV": 96.5,
        "durationYears": [15, 30],
        "features": ["Fixed Rate", "Purchase", "Refinance"],
        "compliance": ["FHA", "RESPA", "TRID"]
      },
      {
        "type": "USDA",
        "minAmount": 60000,
        "maxAmount": 800000,
        "interestRateRange": [6.0, 7.3],
        "minFICO": 640,
        "maxLTV": 100,
        "durationYears": [30],
        "features": [
          "Rural Property",
          "No Down Payment",
          "Purchase Only"
        ],
        "compliance": ["USDA", "RESPA"]
      },
      {
        "type": "DSCR",
        "minAmount": 150000,
        "maxAmount": 5000000,
        "interestRateRange": [8.0, 10.5],
        "minFICO": 680,
        "maxLTV": 75,
        "durationYears": [30],
        "features": [
          "Investor Loans",
          "No Income Verification"
        ],
        "compliance": ["AML", "KYC"]
      }
    ],
    "stateLicenses": ["CA", "NY", "TX", "FL", "WA", "IL"],
    "complianceCertifications": [
      {
        "type": "HUD",
        "certId": "HUD-2025-0021",
        "validThrough": "2027-12-31"
      },
      {
        "type": "Fannie Mae Approved Seller/Servicer",
        "certId": "FNMA-2022-889",
        "validThrough": "2026-06-30"
      }
    ],
    "nmlsId": "1234567",
    "lastReviewed": "2025-10-01",
    "active": true
  },
  {
    "id": "lender_global_mortgage",
    "name": "Global Mortgage Solutions",
    "logo": "/images/lenders/global_mortgage_solutions.png",
    "website": "https://www.globalmortgages.com",
    "contact": {
      "phone": "+1-877-321-0000",
      "email": "contact@globalmortgages.com",
      "address": "200 Finance Dr, Dallas, TX, 75201, USA"
    },
    "description": "Cross-border experts for Mexico and USA property financing, with specialized agricultural and factoring programs.",
    "markets": ["USA", "Mexico"],
    "programs": [
      {
        "type": "Mexico Purchase",
        "minAmount": 100000,
        "maxAmount": 2000000,
        "interestRateRange": [9.5, 12.0],
        "minFICO": 700,
        "maxLTV": 65,
        "durationYears": [15, 20],
        "features": [
          "US Citizen Eligible",
          "Close in Mexico",
          "Cross-Border Compliance",
          "Foreign Income"
        ],
        "compliance": ["FATCA", "OFAC", "AML"]
      },
      {
        "type": "Agriculture",
        "minAmount": 80000,
        "maxAmount": 1000000,
        "interestRateRange": [7.2, 9.0],
        "minFICO": 650,
        "maxLTV": 80,
        "durationYears": [10, 20],
        "features": [
          "Farm Equipment",
          "Irrigation Loans",
          "Greenhouse Financing"
        ],
        "compliance": ["USDA", "EPA"]
      },
      {
        "type": "Factoring",
        "minAmount": 25000,
        "maxAmount": 2000000,
        "interestRateRange": [9.0, 13.5],
        "minFICO": 0,
        "maxLTV": 95,
        "durationYears": [1],
        "features": [
          "Invoice Factoring",
          "Trade Finance",
          "Cross-Border Factoring"
        ],
        "compliance": ["UCC", "AML", "KYC"]
      }
    ],
    "stateLicenses": ["TX", "CA", "AZ", "FL", "NV"],
    "complianceCertifications": [
      {
        "type": "OFAC",
        "certId": "OFAC-2024-0087",
        "validThrough": "2026-04-15"
      },
      {
        "type": "USDA Approved Lender",
        "certId": "USDA-2019-122",
        "validThrough": "2026-12-31"
      }
    ],
    "nmlsId": "7654321",
    "lastReviewed": "2025-09-15",
    "active": true
  },
  {
    "id": "lender_nextgen",
    "name": "NextGen Lending Group",
    "logo": "/images/lenders/nextgen_lending.png",
    "website": "https://www.nextgenlending.com",
    "contact": {
      "phone": "+1-855-999-8888",
      "email": "hello@nextgenlending.com",
      "address": "99 StartUp Ave, San Francisco, CA, 94105, USA"
    },
    "description": "FinTech leader for Non-QM, Jumbo, Green, and Education/Student Services mortgage products.",
    "markets": ["USA"],
    "programs": [
      {
        "type": "Non-QM",
        "minAmount": 150000,
        "maxAmount": 3000000,
        "interestRateRange": [8.25, 11.0],
        "minFICO": 660,
        "maxLTV": 80,
        "durationYears": [30],
        "features": [
          "Bank Statement Loans",
          "Self-Employed",
          "Asset Depletion",
          "Interest Only"
        ],
        "compliance": ["AML", "KYC"]
      },
      {
        "type": "Green Mortgage",
        "minAmount": 75000,
        "maxAmount": 800000,
        "interestRateRange": [6.0, 7.0],
        "minFICO": 700,
        "maxLTV": 95,
        "durationYears": [15, 30],
        "features": [
          "Energy Efficient Homes",
          "Solar Panel Upgrade Financing"
        ],
        "compliance": ["LEED", "FHA"]
      },
      {
        "type": "Education & Student Loans",
        "minAmount": 5000,
        "maxAmount": 120000,
        "interestRateRange": [5.5, 8.5],
        "minFICO": 680,
        "maxLTV": 90,
        "durationYears": [5, 10, 20],
        "features": [
          "Federal Student Loan Refi",
          "Private Student Loan Refi"
        ],
        "compliance": ["FERPA", "DOE"]
      }
    ],
    "stateLicenses": ["CA", "CO", "OR", "WA", "MA"],
    "complianceCertifications": [
      {
        "type": "LEED",
        "certId": "LEED-2023-0123",
        "validThrough": "2028-01-01"
      },
      {
        "type": "DOE Certified Lender",
        "certId": "DOE-2022-198",
        "validThrough": "2027-11-15"
      }
    ],
    "nmlsId": "1122334",
    "lastReviewed": "2025-09-29",
    "active": true
  },
  {
    "id": "lender_crossborder",
    "name": "CrossBorder Finance Group",
    "logo": "/images/lenders/crossborder_finance.png",
    "website": "https://www.crossborderfinance.com",
    "contact": {
      "phone": "+1-888-222-5432",
      "email": "support@crossborderfinance.com",
      "address": "888 International Blvd, Houston, TX, 77002, USA"
    },
    "description": "Global specialists for cross-border trade, insurance, payroll, and healthcare financing.",
    "markets": ["USA", "Mexico", "Canada"],
    "programs": [
      {
        "type": "Trade & Supply Chain",
        "minAmount": 100000,
        "maxAmount": 3000000,
        "interestRateRange": [8.0, 12.0],
        "minFICO": 700,
        "maxLTV": 75,
        "durationYears": [2, 5],
        "features": [
          "Import/Export Financing",
          "Customs Compliance",
          "Tariff/Duty Management"
        ],
        "compliance": ["OFAC", "WTO", "USMCA"]
      },
      {
        "type": "Insurance",
        "minAmount": 20000,
        "maxAmount": 300000,
        "interestRateRange": [5.5, 10.0],
        "minFICO": 650,
        "maxLTV": 90,
        "durationYears": [5, 10, 20],
        "features": [
          "Life/Auto/Crop/Property",
          "Flood Insurance",
          "Global Health Insurance"
        ],
        "compliance": ["FEMA", "NFIP", "HIPAA"]
      },
      {
        "type": "Payroll & Employment",
        "minAmount": 10000,
        "maxAmount": 500000,
        "interestRateRange": [6.0, 9.0],
        "minFICO": 600,
        "maxLTV": 85,
        "durationYears": [1, 3, 5],
        "features": [
          "Payroll Advance",
          "Multi-State Payroll",
          "Visa/Immigration Finance"
        ],
        "compliance": ["ERISA", "IRS", "DOL"]
      }
    ],
    "stateLicenses": ["TX", "FL", "IL", "NM", "AZ"],
    "complianceCertifications": [
      {
        "type": "OFAC",
        "certId": "OFAC-2023-4509",
        "validThrough": "2026-04-30"
      },
      {
        "type": "NFIP Approved",
        "certId": "NFIP-2021-101",
        "validThrough": "2026-11-30"
      }
    ],
    "nmlsId": "9988776",
    "lastReviewed": "2025-10-01",
    "active": true
  },
  {
    "id": "lender_eco_sustainable",
    "name": "EcoSustainable Capital",
    "logo": "/images/lenders/eco_sustainable_capital.png",
    "website": "https://www.ecosustainablecap.com",
    "contact": {
      "phone": "+1-855-400-7777",
      "email": "contact@ecosustainablecap.com",
      "address": "321 Greenway, Portland, OR, 97205, USA"
    },
    "description": "ESG and green finance leaders for environmental, energy, and technology lending.",
    "markets": ["USA", "Canada", "Mexico"],
    "programs": [
      {
        "type": "Green Building",
        "minAmount": 50000,
        "maxAmount": 1500000,
        "interestRateRange": [5.5, 7.5],
        "minFICO": 700,
        "maxLTV": 90,
        "durationYears": [10, 20, 30],
        "features": [
          "Energy Efficient Construction",
          "LEED Certification Financing",
          "Smart Irrigation"
        ],
        "compliance": ["EPA", "LEED", "ESG"]
      },
      {
        "type": "Solar Panel Financing",
        "minAmount": 15000,
        "maxAmount": 500000,
        "interestRateRange": [4.9, 7.2],
        "minFICO": 670,
        "maxLTV": 95,
        "durationYears": [10, 20],
        "features": [
          "Residential Solar",
          "Commercial Solar",
          "Battery Storage"
        ],
        "compliance": ["DOE", "EPA"]
      },
      {
        "type": "Technology & Data",
        "minAmount": 100000,
        "maxAmount": 3000000,
        "interestRateRange": [7.5, 9.5],
        "minFICO": 690,
        "maxLTV": 80,
        "durationYears": [5, 10],
        "features": [
          "Cybersecurity Projects",
          "Cloud Infrastructure",
          "FinTech/AI Compliance"
        ],
        "compliance": ["PCI-DSS", "GDPR", "CCPA"]
      }
    ],
    "stateLicenses": ["OR", "CA", "WA", "CO", "NV"],
    "complianceCertifications": [
      {
        "type": "LEED",
        "certId": "LEED-2023-6012",
        "validThrough": "2028-05-01"
      },
      {
        "type": "EPA Energy Star",
        "certId": "EPA-2022-312",
        "validThrough": "2027-10-31"
      }
    ],
    "nmlsId": "7766554",
    "lastReviewed": "2025-10-01",
    "active": true
  }
]