{
  "Agriculture & Food Systems": [
    "USDA Pricing Engine (W1â€“W26)",
    "Produce Search Engine",
    "Ag Factoring (Mexicoâ€“US)",
    "USDA Pricing Engine (W1Ã¢â‚¬â€œW26)",
    "Produce Search Engine",
    "Ag Factoring (MexicoÃ¢â‚¬â€œUS)",
    "GlobalGAP Certification Uploads",
    "Water Quality Lab Uploads",
    "Soil Analysis Reports",
    "Organic Certification Tracker",
    "Pesticide Compliance",
    "AgriTrade Connect (Mexico to US buyers)",
    "Commodity Futures Dashboard",
    "Crop Insurance",
    "Farm Equipment Leasing",
    "Ag Carbon Credits",
    "Cold Chain Logistics Tracker",
    "Growerâ€“Buyer Contracts",
    "GrowerÃ¢â‚¬â€œBuyer Contracts",
    "Sustainability Scorecards",
    "Export Licensing (Ag)",
    "Food Safety Audits",
    "Climate Impact Reports",
    "Yield Prediction Models",
    "Hydroponics Audit"
  ],
  "Mortgage & Real Estate": [
    "Mortgage Search Engine",
    "Lender Matching Engine",
    "Cross-Border Leasehold Financing",
    "ADU Builder Module",
    "Green Housing Incentives",
    "Construction Lending",
    "Escrow & Compliance Checks",
    "Foreclosure Tracker",
    "REIT Investment Dashboard",
    "Property Insurance Integration",
    "Loan Factoring",
    "Reverse Mortgage Analysis",
    "Energy Efficiency Financing",
    "Land Title Audit",
    "Property Tax Compliance",
    "HOA Compliance Tracker",
    "Leasehold Verification",
    "Zoning Law Audit",
    "International Lending",
    "Tenant Screening Compliance"
  ],
  "Legal & Compliance": [
    "Contracts & Templates",
    "E-Signature (DocuSign)",
    "IP Audit",
    "Privacy Compliance (GDPR, CCPA, GLBA, PDPA, PIPEDA)",
    "Global Ethics Dashboard",
    "Employment Law Tracker",
    "NDA Generator",
    "Corporate Governance Briefing",
    "Tax Compliance (IRS/State)",
    "Whistleblower Reporting",
    "SOX Compliance",
    "AML/KYC Verification",
    "FCPA Audit",
    "Cross-Border Contract Audit",
    "Data Retention Policies",
    "Cybersecurity Laws",
    "HR Compliance",
    "Insurance Law Audit",
    "Litigation Tracker",
    "Patent Verification"
  ],
  "Finance & Factoring": [
    "Accounts Receivable Factoring",
    "Trade Finance Engine",
    "Credit Risk Analysis",
    "Currency Exchange Dashboard",
    "Invoice Audit",
    "Treasury Management",
    "Payroll Compliance",
    "401k & Retirement Tracker",
    "Crypto/Tokenized Assets Audit",
    "Bank Licensing Audit",
    "Securities Compliance",
    "Cross-Border Payments",
    "FinTech Licensing",
    "Loan Servicing Audit",
    "Microfinance Verification",
    "Financial Statement Audits",
    "Fraud Detection",
    "AML Transaction Monitor",
    "Credit Bureau Integrations",
    "Blockchain Compliance"
  ],
  "Education & Workforce": [
    "Student Report Card Upload",
    "Attendance & Progress Tracker",
    "Teacher Audit Dashboard",
    "Workforce Training Compliance",
    "OSHA Certifications",
    "Continuing Education Credits",
    "Professional Licensing Renewal",
    "Internship & Apprenticeship Tracker",
    "Curriculum Compliance",
    "Grant Auditing",
    "FERPA Compliance",
    "Accreditation Audit",
    "University Financial Aid Verification",
    "Scholarship Compliance",
    "Credential Verification",
    "Exam Proctoring Audit",
    "Academic Misconduct Tracker",
    "Special Education Compliance",
    "Faculty Contract Verification",
    "Union Labor Compliance"
  ],
  "Eco & Sustainability": [
    "Carbon Footprint Calculator",
    "Green Building Certifications",
    "LEED Compliance Tracker",
    "Renewable Energy Incentives",
    "Water Tech Marketplace",
    "Waste Management Audit",
    "Circular Economy Module",
    "Biodiversity Credits",
    "ESG Score Dashboard",
    "Solar Subsidy Verification",
    "Carbon Trading Compliance",
    "Recycling Audits",
    "Plastic Reduction Compliance",
    "Ocean Impact Reporting",
    "Sustainable Sourcing",
    "Forest Management Compliance",
    "Climate Reporting Audit",
    "Energy Grid Compliance",
    "Sustainability Bonds Verification",
    "Eco Labeling Compliance"
  ],
  "Healthcare & Insurance": [
    "Medical Compliance (HIPAA)",
    "Insurance Policy Tracker",
    "Claims Audit Engine",
    "Provider Licensing",
    "Pharma Supply Chain Audit",
    "Wellness Incentives",
    "Telehealth Compliance",
    "FDA Audit",
    "Medicare/Medicaid Compliance",
    "Insurance Fraud Detection",
    "Patient Consent Verification",
    "Hospital Accreditation Audit",
    "Clinical Trial Compliance",
    "Drug Pricing Transparency",
    "Insurance Licensing",
    "Healthcare Cybersecurity",
    "Electronic Health Record Audit",
    "Billing Compliance",
    "Worker Comp Audit",
    "Cross-Border Insurance Compliance"
  ],
  "Global Trade & Logistics": [
    "Tariff Tracker",
    "Customs Compliance",
    "Import/Export Licensing",
    "Bill of Lading Upload",
    "Port Authority Audit",
    "Logistics Insurance",
    "Freight Forwarder Directory",
    "Trade Zone Compliance",
    "NAFTA/USMCA Audit",
    "Supply Chain Security",
    "Shipping Emissions Tracker",
    "Maritime Law Compliance",
    "Air Cargo Compliance",
    "Truck Safety Audits",
    "Warehouse Certification",
    "Bonded Warehouse Audit",
    "Hazmat Compliance",
    "Cross-Border VAT Audit",
    "Incoterms Verification",
    "International Sanctions Compliance"
  ],
  "Technology & Data": [
    "Cybersecurity Compliance",
    "Data Breach Response",
    "AI Audit",
    "Cloud Vendor Compliance",
    "Open Banking API Tracker",
    "IoT Sensor Integration (Ag/Water/Energy)",
    "Blockchain Audit",
    "IT Licensing Compliance",
    "Software Supply Chain Audit",
    "SOC 2 Compliance",
    "PCI DSS Compliance",
    "ISO Certification Tracker",
    "Bug Bounty Audit",
    "Data Residency Compliance",
    "Digital Identity Verification",
    "Smart Contract Verification",
    "Penetration Test Tracker",
    "Encryption Standards Compliance",
    "Network Infrastructure Audit",
    "Disaster Recovery Verification"
  ],
  "Consumer & Retail": [
    "Product Recall Tracker",
    "Consumer Finance Compliance",
    "Retail Audit",
    "Supply Chain Transparency",
    "E-Commerce Compliance",
    "Advertising Standards Audit",
    "Food Labeling Verification",
    "Child Safety Compliance",
    "Consumer Warranty Audit",
    "Fair Trade Certification",
    "CSR Reporting",
    "ISO Retail Standards",
    "Retail Lease Compliance",
    "Point-of-Sale Security",
    "Merchandise Import Compliance",
    "Franchise Agreement Verification",
    "Online Privacy Compliance",
    "Retail Safety Audit",
    "Return Policy Compliance",
    "Consumer Complaint Tracker"
  ]
}